id,sent_ts,received_ts
1,1676653167500009443,1676653167500058053
2,1676653167501134101,1676653167501150304
3,1676653167502219717,1676653167502229216
4,1676653167503309105,1676653167503325238
5,1676653167504406525,1676653167504422798
6,1676653167505485995,1676653167505493049
7,1676653167506573497,1676653167506590049
8,1676653167507671754,1676653167507687678
9,1676653167508769663,1676653167508786425
10,1676653167509849552,1676653167509856606
11,1676653167510937054,1676653167510953746
12,1676653167512034474,1676653167512051655
13,1676653167513132103,1676653167513148236
14,1676653167514228963,1676653167514245236
15,1676653167515325405,1676653167515341608
16,1676653167516421637,1676653167516437561
17,1676653167517500130,1676653167517506765
18,1676653167518586654,1676653167518602438
19,1676653167519683165,1676653167519698950
20,1676653167520780306,1676653167520796369
21,1676653167521858588,1676653167521865363
22,1676653167522946090,1676653167522962852
23,1676653167524043719,1676653167524059713
24,1676653167525140371,1676653167525156853
25,1676653167526219631,1676653167526226825
26,1676653167527677712,1676653167527694055
27,1676653167528775761,1676653167528792313
28,1676653167529854602,1676653167529861796
29,1676653167530942384,1676653167530959145
30,1676653167532679202,1676653167532695824
31,1676653167533758463,1676653167533765656
32,1676653167534846454,1676653167534863285
33,1676653167535943314,1676653167535959867
34,1676653167537040175,1676653167537056797
35,1676653167538137176,1676653167538153868
36,1676653167539234595,1676653167539251357
37,1676653167540620111,1676653167540636244
38,1676653167541699860,1676653167541706635
39,1676653167542787223,1676653167542803845
40,1676653167544258923,1676653167544275615
41,1676653167545343491,1676653167545359834
42,1676653167546430504,1676653167546439654
43,1676653167547519892,1676653167547536235
44,1676653167548618289,1676653167548634702
45,1676653167549693569,1676653167549698318
46,1676653167550767243,1676653167550776811
47,1676653167551847062,1676653167551856211
48,1676653167552936450,1676653167552952723
49,1676653167554034917,1676653167554051050
50,1676653167555131428,1676653167555147771
51,1676653167556228429,1676653167556244632
52,1676653167557482293,1676653167557499405
53,1676653167558579713,1676653167558595916
54,1676653167559676155,1676653167559692358
55,1676653167560773853,1676653167560790196
56,1676653167561853254,1676653167561860308
57,1676653167562941175,1676653167562957448
58,1676653167564037686,1676653167564053959
59,1676653167565135315,1676653167565151868
60,1676653167566234062,1676653167566250894
61,1676653167567313113,1676653167567320097
62,1676653167568380920,1676653167568387625
63,1676653167569448517,1676653167569455152
64,1676653167570535740,1676653167570552222
65,1676653167571633089,1676653167571649642
66,1676653167572730998,1676653167572747271
67,1676653167573810817,1676653167573818011
68,1676653167574898319,1676653167574914452
69,1676653167575995739,1676653167576012151
70,1676653167577093787,1676653167577109990
71,1676653167578191555,1676653167578208038
72,1676653167579289813,1676653167579306505
73,1676653167580386744,1676653167580403506
74,1676653167581463839,1676653167581468099
75,1676653167582548408,1676653167582565100
76,1676653167583634024,1676653167583643523
77,1676653167584723831,1676653167584740034
78,1676653167585802393,1676653167585809517
79,1676653167586891082,1676653167586907984
80,1676653167587988642,1676653167588005194
81,1676653167589144658,1676653167589161420
82,1676653167590224617,1676653167590231671
83,1676653167591312538,1676653167591329161
84,1676653167592410377,1676653167592426580
85,1676653167593493409,1676653167593509403
86,1676653167594590759,1676653167594607032
87,1676653167595687340,1676653167595703543
88,1676653167596785318,1676653167596801941
89,1676653167597865208,1676653167597872331
90,1676653167598952640,1676653167598968773
91,1676653167600050129,1676653167600066751
92,1676653167601147968,1676653167601164171
93,1676653167602246086,1676653167602262428
94,1676653167603346089,1676653167603362642
95,1676653167604443998,1676653167604460271
96,1676653167605523398,1676653167605530522
97,1676653167606610900,1676653167606627522
98,1676653167607707761,1676653167607724173
99,1676653167608804691,1676653167608820825
100,1676653167609884371,1676653167609893870
101,1676653167610974178,1676653167610990940
102,1676653167612071667,1676653167612087940
103,1676653167613169226,1676653167613192623
104,1676653167614283967,1676653167614300519
105,1676653167615382713,1676653167615399545
106,1676653167616480621,1676653167616496894
107,1676653167617560511,1676653167617567565
108,1676653167618648013,1676653167618664146
109,1676653167619745362,1676653167619761635
110,1676653167620842991,1676653167620859125
111,1676653167621923928,1676653167621931681
112,1676653167623012129,1676653167623028332
113,1676653167624109967,1676653167624126450
114,1676653167625214860,1676653167625231133
115,1676653167626312349,1676653167626329111
116,1676653167627411794,1676653167627428416
117,1676653167628509213,1676653167628525556
118,1676653167629588614,1676653167629595738
119,1676653167630656979,1676653167630663265
120,1676653167631743504,1676653167631759846
121,1676653167632841412,1676653167632857825
122,1676653167633920952,1676653167633928146
123,1676653167635009362,1676653167635026194
124,1676653167636106502,1676653167636122705
125,1676653167637209649,1676653167637225991
126,1676653167638306649,1676653167638322922
127,1676653167639406164,1676653167639423135
128,1676653167640503304,1676653167640519856
129,1676653167641583053,1676653167641590317
130,1676653167642651419,1676653167642658054
131,1676653167643738432,1676653167643755194
132,1676653167644836410,1676653167644852613
133,1676653167645915811,1676653167645922865
134,1676653167647003243,1676653167647019586
135,1676653167648100732,1676653167648117424
136,1676653167649397409,1676653167649414171
137,1676653167650495318,1676653167650511940
138,1676653167651593017,1676653167651609220
139,1676653167652691973,1676653167652708595
140,1676653167653771862,1676653167653778497
141,1676653167654840227,1676653167654846373
142,1676653167655907126,1676653167655913412
143,1676653167656994139,1676653167657010412
144,1676653167658091768,1676653167658108321
145,1676653167659189607,1676653167659205880
146,1676653167660286049,1676653167660302252
147,1676653167661369919,1676653167661386681
148,1676653167662468805,1676653167662485567
149,1676653167663565945,1676653167663582497
150,1676653167664664272,1676653167664681104
151,1676653167665744720,1676653167665752263
152,1676653167666832642,1676653167666848775
153,1676653167667929991,1676653167667946683
154,1676653167669027620,1676653167669043963
155,1676653167670125249,1676653167670141802
156,1676653167671223158,1676653167671239361
157,1676653167672320158,1676653167672336431
158,1676653167673405705,1676653167673423514
159,1676653167674505219,1676653167674522191
160,1676653167675603617,1676653167675620099
161,1676653167676701385,1676653167676717658
162,1676653167677779389,1676653167677786513
163,1676653167678867310,1676653167678883513
164,1676653167679964799,1676653167679981142
165,1676653167681063546,1676653167681080168
166,1676653167682160825,1676653167682177308
167,1676653167683259293,1676653167683275566
168,1676653167684356712,1676653167684373055
169,1676653167685437579,1676653167685445192
170,1676653167686525989,1676653167686542332
171,1676653167687623548,1676653167687639682
172,1676653167688721107,1676653167688737660
173,1676653167689800438,1676653167689807143
174,1676653167690887940,1676653167690904004
175,1676653167691974185,1676653167691983334
176,1676653167693063363,1676653167693079706
177,1676653167694160503,1676653167694177056
178,1676653167695257504,1676653167695273707
179,1676653167696354853,1676653167696371196
180,1676653167697438514,1676653167697454438
181,1676653167698536143,1676653167698552207
182,1676653167699634331,1676653167699650324
183,1676653167700730703,1676653167700746906
184,1676653167701808706,1676653167701815830
185,1676653167702896138,1676653167702912761
186,1676653167703994117,1676653167704009901
187,1676653167705092514,1676653167705109206
188,1676653167706190562,1676653167706206695
189,1676653167707288820,1676653167707305023
190,1676653167708385261,1676653167708401115
191,1676653167709465220,1676653167709474649
192,1676653167710555097,1676653167710571370
193,1676653167711652028,1676653167711668301
194,1676653167712749657,1676653167712766698
195,1676653167713828917,1676653167713835692
196,1676653167714916280,1676653167714932413
197,1676653167716014048,1676653167716030671
198,1676653167717112027,1676653167717128160
199,1676653167718209865,1676653167718226627
200,1676653167719307983,1676653167719324116
201,1676653167720405402,1676653167720422095
202,1676653167721483965,1676653167721491019
203,1676653167722571397,1676653167722587391
204,1676653167723697102,1676653167723713655
205,1676653167724795011,1676653167724811284
206,1676653167725873922,1676653167725881116
207,1676653167726961424,1676653167726977558
208,1676653167728058774,1676653167728075187
209,1676653167729156333,1676653167729172606
210,1676653167730236571,1676653167730243625
211,1676653167731324283,1676653167731340486
212,1676653167732422191,1676653167732437976
213,1676653167733501103,1676653167733508227
214,1676653167734589513,1676653167734605856
215,1676653167735675618,1676653167735685116
216,1676653167736766891,1676653167736783234
217,1676653167737846222,1676653167737853905
218,1676653167738934213,1676653167738950486
219,1676653167740019829,1676653167740029188
220,1676653167741109636,1676653167741125699
221,1676653167742196090,1676653167742205519
222,1676653167743285478,1676653167743302100
223,1676653167744372212,1676653167744381710
224,1676653167745447980,1676653167745464184
225,1676653167746545540,1676653167746562162
226,1676653167747640026,1676653167747650432
227,1676653167748731998,1676653167748748690
228,1676653167749811887,1676653167749819011
229,1676653167750899389,1676653167750915452
230,1676653167751985424,1676653167751994434
231,1676653167753074742,1676653167753090945
232,1676653167754160428,1676653167754169857
233,1676653167755250235,1676653167755266368
234,1676653167756336829,1676653167756346607
235,1676653167757414204,1676653167757431315
236,1676653167758512043,1676653167758527966
237,1676653167759609741,1676653167759626434
238,1676653167760752558,1676653167760769180
239,1676653167761831958,1676653167761839152
240,1676653167762919390,1676653167762935524
241,1676653167764016950,1676653167764033432
242,1676653167765115417,1676653167765131690
243,1676653167766202430,1676653167766211439
244,1676653167767291818,1676653167767308091
245,1676653167768378831,1676653167768387840
246,1676653167769450129,1676653167769457253
247,1676653167770537631,1676653167770554254
248,1676653167771636029,1676653167771652162
249,1676653167772732470,1676653167772748394
250,1676653167773811941,1676653167773818925
251,1676653167774899303,1676653167774915855
252,1676653167775985827,1676653167775994837
253,1676653167777075215,1676653167777091348
254,1676653167778161739,1676653167778170749
255,1676653167779251127,1676653167779267260
256,1676653167780347569,1676653167780363911
257,1676653167781432836,1676653167781449248
258,1676653167782529347,1676653167782545620
259,1676653167783625859,1676653167783639757
260,1676653167784719646,1676653167784736199
261,1676653167785799396,1676653167785807079
262,1676653167786887876,1676653167786904009
263,1676653167787974330,1676653167787983479
264,1676653167789063788,1676653167789079921
265,1676653167790161836,1676653167790178738
266,1676653167791259325,1676653167791275528
267,1676653167792356745,1676653167792373018
268,1676653167793432444,1676653167793436634
269,1676653167794516523,1676653167794533146
270,1676653167795613035,1676653167795629378
271,1676653167796711013,1676653167796727635
272,1676653167797790832,1676653167797798026
273,1676653167798878684,1676653167798894887
274,1676653167799964998,1676653167799974008
275,1676653167801054316,1676653167801070659
276,1676653167802151875,1676653167802168079
277,1676653167803249365,1676653167803265987
278,1676653167804347343,1676653167804363616
279,1676653167805431423,1676653167805448674
280,1676653167806528912,1676653167806545255
281,1676653167807626751,1676653167807643024
282,1676653167808724799,1676653167808740932
283,1676653167809807063,1676653167809823615
284,1676653167810903504,1676653167810920196
285,1676653167812000505,1676653167812016848
286,1676653167813097645,1676653167813113220
287,1676653167814197229,1676653167814214201
288,1676653167815361697,1676653167815378040
289,1676653167816448710,1676653167816457929
290,1676653167817519660,1676653167817526713
291,1676653167818596057,1676653167818605206
292,1676653167819685444,1676653167819701648
293,1676653167820783073,1676653167820799486
294,1676653167821862125,1676653167821869388
295,1676653167822949347,1676653167822965760
296,1676653167824046976,1676653167824063599
297,1676653167825135875,1676653167825155361
298,1676653167826227637,1676653167826249638
299,1676653167827310390,1676653167827316536
300,1676653167828375333,1676653167828380083
301,1676653167829447610,1676653167829465140
302,1676653167830532179,1676653167830540909
303,1676653167831599287,1676653167831603547
304,1676653167832662344,1676653167832666535
305,1676653167833727776,1676653167833734830
306,1676653167834814999,1676653167834831202
307,1676653167835912488,1676653167835928762
308,1676653167837009978,1676653167837026600
309,1676653167838107956,1676653167838124229
310,1676653167839205934,1676653167839222557
311,1676653167840360973,1676653167840377735
312,1676653167841437021,1676653167841441700
313,1676653167842522148,1676653167842538352
314,1676653167843608673,1676653167843618101
315,1676653167844698968,1676653167844715241
316,1676653167845778648,1676653167845786191
317,1676653167846866779,1676653167846882982
318,1676653167847964198,1676653167847980820
319,1676653167849062246,1676653167849078659
320,1676653167850160364,1676653167850176916
321,1676653167851257365,1676653167851273568
322,1676653167852356670,1676653167852373362
323,1676653167853435162,1676653167853442216
324,1676653167854522524,1676653167854539426
325,1676653167855619595,1676653167855636357
326,1676653167856717503,1676653167856733916
327,1676653167857798440,1676653167857805704
328,1676653167858885942,1676653167858902215
329,1676653167859984479,1676653167860001031
330,1676653167861130648,1676653167861147200
331,1676653167862228137,1676653167862245039
332,1676653167863325208,1676653167863341411
333,1676653167864421649,1676653167864438411
334,1676653167865500631,1676653167865507685
335,1676653167866588063,1676653167866604406
336,1676653167867685552,1676653167867701755
337,1676653167868784578,1676653167868800711
338,1676653167869863908,1676653167869871102
339,1676653167870951899,1676653167870967963
340,1676653167872049249,1676653167872065801
341,1676653167873147157,1676653167873163430
342,1676653167874226558,1676653167874233263
343,1676653167875313571,1676653167875329704
344,1676653167876411479,1676653167876427822
345,1676653167877491648,1676653167877499121
346,1676653167878579778,1676653167878595842
347,1676653167879675941,1676653167879692214
348,1676653167880803881,1676653167880820643
349,1676653167881884259,1676653167881891872
350,1676653167882959888,1676653167882977418
351,1676653167884045993,1676653167884061568
352,1676653167885122810,1676653167885127140
353,1676653167886207448,1676653167886223791
354,1676653167887285871,1676653167887292506
355,1676653167888373862,1676653167888390833
356,1676653167889452633,1676653167889459687
357,1676653167890540345,1676653167890556548
358,1676653167891637834,1676653167891654038
359,1676653167892736232,1676653167892752086
360,1676653167893815143,1676653167893821848
361,1676653167894904042,1676653167894921293
362,1676653167896001531,1676653167896017874
363,1676653167897098951,1676653167897115363
364,1676653167898196231,1676653167898213272
365,1676653167899294558,1676653167899311390
366,1676653167900391628,1676653167900407831
367,1676653167901470051,1676653167901477175
368,1676653167902558461,1676653167902574804
369,1676653167903655042,1676653167903671664
370,1676653167904753579,1676653167904769992
371,1676653167905833189,1676653167905840383
372,1676653167906921878,1676653167906938570
373,1676653167908018669,1676653167908034803
374,1676653167909116648,1676653167909132921
375,1676653167910214556,1676653167910231248
376,1676653167911311207,1676653167911327690
377,1676653167912408766,1676653167912425389
378,1676653167913488097,1676653167913495360
379,1676653167914575599,1676653167914591732
380,1676653167915673577,1676653167915689780
381,1676653167916770997,1676653167916787270
382,1676653167917848930,1676653167917855635
383,1676653167918936432,1676653167918952705
384,1676653167920033922,1676653167920050684
385,1676653167921131271,1676653167921147265
386,1676653167922228132,1676653167922244685
387,1676653167923325971,1676653167923342314
388,1676653167924423530,1676653167924439733
389,1676653167925501464,1676653167925508587
390,1676653167926590362,1676653167926606705
391,1676653167927688410,1676653167927704963
392,1676653167928776122,1676653167928795049
393,1676653167929859573,1676653167929867256
394,1676653167931217432,1676653167931233984
395,1676653167932314432,1676653167932330635
396,1676653167933398023,1676653167933414715
397,1676653167934495023,1676653167934511296
398,1676653167935592583,1676653167935608646
399,1676653167936690351,1676653167936706764
400,1676653167937769961,1676653167937777155
401,1676653167938845520,1676653167938871292
402,1676653167939941054,1676653167939968711
403,1676653167941080518,1676653167941111528
404,1676653167942179474,1676653167942215303
405,1676653167943281363,1676653167943291700
406,1676653167944359996,1676653167944376059
407,1676653167945441491,1676653167945450152
408,1676653167946511393,1676653167946518168
409,1676653167947599384,1676653167947616914
410,1676653167948696873,1676653167948713077
411,1676653167949777182,1676653167949785702
412,1676653167950865662,1676653167950882703
413,1676653167951963919,1676653167951979913
414,1676653167953060361,1676653167953076145
415,1676653167954140041,1676653167954148072
416,1676653167955228939,1676653167955245212
417,1676653167956326429,1676653167956342702
418,1676653167957404851,1676653167957412953
419,1676653167958493750,1676653167958511490
420,1676653167959591728,1676653167959607932
421,1676653167960688869,1676653167960704932
422,1676653167961768688,1676653167961776790
423,1676653167962859752,1676653167962883079
424,1676653167963949140,1676653167963971000
425,1676653167965037200,1676653167965050540
426,1676653167966121280,1676653167966146982
427,1676653167967213112,1676653167967222052
428,1676653167968283782,1676653167968290417
429,1676653167969358015,1676653167969374148
430,1676653167970454875,1676653167970470939
431,1676653167971551108,1676653167971567311
432,1676653167972732057,1676653167972748331
433,1676653167973811947,1676653167973820048
434,1676653167974886947,1676653167974904128
435,1676653167975969141,1676653167975975916
436,1676653167977056224,1676653167977072078
437,1676653167978152107,1676653167978168660
438,1676653167979248968,1676653167979265101
439,1676653167980346457,1676653167980362172
440,1676653167981425858,1676653167981433470
441,1676653167982513779,1676653167982530401
442,1676653167983611617,1676653167983628030
443,1676653167984708199,1676653167984724542
444,1676653167985788018,1676653167985795561
445,1676653167986876149,1676653167986892422
446,1676653167987973568,1676653167987989911
447,1676653167989072175,1676653167989088727
448,1676653167990169594,1676653167990185867
449,1676653167991267014,1676653167991283357
450,1676653167992365132,1676653167992381195
451,1676653167993445370,1676653167993453612
452,1676653167994542301,1676653167994564161
453,1676653167995630222,1676653167995648730
454,1676653167996714372,1676653167996731553
455,1676653167997794610,1676653167997802362
456,1676653167998863604,1676653167998870239
457,1676653167999930992,1676653167999937138
458,1676653168000997960,1676653168001004735
459,1676653168002065977,1676653168002073030
460,1676653168003133853,1676653168003140488
461,1676653168004201310,1676653168004208015
462,1676653168005269187,1676653168005275822
463,1676653168006336644,1676653168006343349
464,1676653168007424915,1676653168007441607
465,1676653168008523172,1676653168008539376
466,1676653168009602503,1676653168009609697
467,1676653168010689446,1676653168010705789
468,1676653168011787075,1676653168011802789
469,1676653168012883587,1676653168012899720
470,1676653168013962987,1676653168013970181
471,1676653168015050489,1676653168015067041
472,1676653168016148397,1676653168016164391
473,1676653168017203493,1676653168017210477
474,1676653168018290715,1676653168018307198
475,1676653168019387576,1676653168019404268
476,1676653168020484507,1676653168020501269
477,1676653168021564885,1676653168021572498
478,1676653168022653295,1676653168022669638
479,1676653168023994112,1676653168024010874
480,1676653168025091112,1676653168025106966
481,1676653168026188741,1676653168026205224
482,1676653168027286580,1676653168027303132
483,1676653168028384418,1676653168028400692
484,1676653168029462841,1676653168029469965
485,1676653168030550343,1676653168030566546
486,1676653168031647763,1676653168031664105
487,1676653168033063799,1676653168033079932
488,1676653168034162126,1676653168034178679
489,1676653168035260035,1676653168035276308
490,1676653168036706662,1676653168036723005
491,1676653168037786481,1676653168037794164
492,1676653168038874402,1676653168038890605
493,1676653168039972730,1676653168039989072
494,1676653168041679586,1676653168041696138
495,1676653168042759824,1676653168042766599
496,1676653168043847326,1676653168043863530
497,1676653168044945095,1676653168044961578
498,1676653168046041956,1676653168046058648
499,1676653168047140283,1676653168047156626
500,1676653168048237912,1676653168048254046
501,1676653168049420818,1676653168049437300
502,1676653168050519145,1676653168050535698
503,1676653168051616006,1676653168051632349
504,1676653168052713565,1676653168052729698
505,1676653168053793315,1676653168053800508
506,1676653168054861890,1676653168054868524
507,1676653168055928230,1676653168055934934
508,1676653168057015732,1676653168057032493
509,1676653168058112662,1676653168058129284
510,1676653168059209872,1676653168059226145
511,1676653168060307431,1676653168060323565
512,1676653168061454089,1676653168061471619
513,1676653168062552416,1676653168062568689
514,1676653168063639849,1676653168063658636
515,1676653168064739643,1676653168064755846
516,1676653168065818345,1676653168065825399
517,1676653168066887129,1676653168066893904
518,1676653168067955215,1676653168067961361
519,1676653168069041739,1676653168069057803
520,1676653168070139648,1676653168070155921
521,1676653168071237556,1676653168071255226
522,1676653168072336582,1676653168072353204
523,1676653168073622434,1676653168073639615
524,1676653168074720412,1676653168074736755
525,1676653168075817063,1676653168075833127
526,1676653168076914902,1676653168076930965
527,1676653168078012810,1676653168078029083
528,1676653168079111906,1676653168079128598
529,1676653168080209744,1676653168080226786
530,1676653168081296059,1676653168081312611
531,1676653168082392640,1676653168082408774
532,1676653168083490828,1676653168083507101
533,1676653168084587340,1676653168084603543
534,1676653168085666670,1676653168085673864
535,1676653168086755569,1676653168086772331
536,1676653168087852709,1676653168087868842
537,1676653168088949640,1676653168088965843
538,1676653168090048107,1676653168090064869
539,1676653168091145456,1676653168091161939
540,1676653168092243714,1676653168092260755
541,1676653168093328352,1676653168093344486
542,1676653168094424864,1676653168094441067
543,1676653168095521306,1676653168095537648
544,1676653168096624662,1676653168096642681
545,1676653168097708811,1676653168097725294
546,1676653168098806021,1676653168098822504
547,1676653168099903301,1676653168099919644
548,1676653168100999882,1676653168101016086
549,1676653168102079213,1676653168102086406
550,1676653168103166715,1676653168103183058
551,1676653168104264204,1676653168104281315
552,1676653168105347865,1676653168105364138
553,1676653168106444516,1676653168106460999
554,1676653168107542355,1676653168107558907
555,1676653168108640193,1676653168108656047
556,1676653168109719105,1676653168109726228
557,1676653168110808213,1676653168110824486
558,1676653168111905004,1676653168111921347
559,1676653168113001655,1676653168113017719
560,1676653168114099424,1676653168114115348
561,1676653168115196703,1676653168115212907
562,1676653168116304250,1676653168116322269
563,1676653168117388400,1676653168117405022
564,1676653168118484841,1676653168118501045
565,1676653168119582331,1676653168119598674
566,1676653168120678912,1676653168120694626
567,1676653168121758103,1676653168121765227
568,1676653168122845395,1676653168122861598
569,1676653168123943304,1676653168123959088
570,1676653168125039955,1676653168125056996
571,1676653168126138282,1676653168126154136
572,1676653168127235283,1676653168127251626
573,1676653168128333889,1676653168128349883
574,1676653168129418249,1676653168129434731
575,1676653168130515109,1676653168130531662
576,1676653168131612529,1676653168131628802
577,1676653168132710437,1676653168132726710
578,1676653168133788441,1676653168133795565
579,1676653168134877340,1676653168134893682
580,1676653168135974340,1676653168135990543
581,1676653168137071061,1676653168137086985
582,1676653168138169947,1676653168138186639
583,1676653168139268344,1676653168139284617
584,1676653168140554126,1676653168140570330
585,1676653168141632479,1676653168141639673
586,1676653168142719981,1676653168142736254
587,1676653168143816563,1676653168143832696
588,1676653168144913144,1676653168144929277
589,1676653168145992474,1676653168146000157
590,1676653168147080465,1676653168147097018
591,1676653168148178234,1676653168148194647
592,1676653168149223691,1676653168149239825
593,1676653168150320063,1676653168150336197
594,1676653168151416645,1676653168151432778
595,1676653168152514972,1676653168152531804
596,1676653168153593395,1676653168153601077
597,1676653168154662808,1676653168154669093
598,1676653168155798011,1676653168155814005
599,1676653168156895082,1676653168156911355
600,1676653168157973085,1676653168157980209
601,1676653168159350848,1676653168159367471
602,1676653168160449246,1676653168160465519
603,1676653168161529554,1676653168161536678
604,1676653168162598408,1676653168162604764
605,1676653168163684933,1676653168163700717
606,1676653168164782352,1676653168164798346
607,1676653168165860914,1676653168165867689
608,1676653168166947927,1676653168166964270
609,1676653168168044579,1676653168168060712
610,1676653168169140601,1676653168169156735
611,1676653168170220071,1676653168170227195
612,1676653168171307504,1676653168171323567
613,1676653168172404015,1676653168172420637
614,1676653168173489142,1676653168173505625
615,1676653168174585794,1676653168174601927
616,1676653168175683143,1676653168175699486
617,1676653168176780283,1676653168176796906
618,1676653168177860033,1676653168177866808
619,1676653168178947046,1676653168178962900
620,1676653168180044186,1676653168180060250
621,1676653168181142095,1676653168181158088
622,1676653168182239654,1676653168182255857
623,1676653168183338121,1676653168183354324
624,1676653168184435121,1676653168184451255
625,1676653168185521226,1676653168185528280
626,1676653168186608728,1676653168186624792
627,1676653168187706078,1676653168187722421
628,1676653168188802171,1676653168188818513
629,1676653168189881012,1676653168189888136
630,1676653168190968095,1676653168190984159
631,1676653168192065864,1676653168192082696
632,1676653168193163004,1676653168193179137
633,1676653168194259515,1676653168194276138
634,1676653168195356446,1676653168195372789
635,1676653168196454704,1676653168196471396
636,1676653168197540110,1676653168197555964
637,1676653168198637670,1676653168198653873
638,1676653168199719864,1676653168199727127
639,1676653168200788788,1676653168200795423
640,1676653168201857083,1676653168201863299
641,1676653168202943677,1676653168202959950
642,1676653168204040189,1676653168204056392
643,1676653168205138726,1676653168205155348
644,1676653168206218126,1676653168206225250
645,1676653168207305349,1676653168207321901
646,1676653168208403187,1676653168208419251
647,1676653168209480562,1676653168209487826
648,1676653168210567994,1676653168210584267
649,1676653168211665623,1676653168211681687
650,1676653168212762484,1676653168212779316
651,1676653168213846215,1676653168213861929
652,1676653168214943075,1676653168214959348
653,1676653168216025619,1676653168216032254
654,1676653168217112213,1676653168217128276
655,1676653168218210470,1676653168218226813
656,1676653168219307122,1676653168219323325
657,1676653168220404611,1676653168220421722
658,1676653168221485478,1676653168221493021
659,1676653168222572980,1676653168222589462
660,1676653168223685904,1676653168223702247
661,1676653168224782974,1676653168224799597
662,1676653168225861816,1676653168225869568
663,1676653168226949318,1676653168226965591
664,1676653168228101144,1676653168228116928
665,1676653168229205198,1676653168229221611
666,1676653168230302478,1676653168230318681
667,1676653168231399968,1676653168231416171
668,1676653168232496549,1676653168232512682
669,1676653168233576368,1676653168233584540
670,1676653168234665267,1676653168234681470
671,1676653168235762407,1676653168235778471
672,1676653168236859687,1676653168236875890
673,1676653168237939018,1676653168237946421
674,1676653168239026799,1676653168239042862
675,1676653168240122822,1676653168240139514
676,1676653168241224571,1676653168241241682
677,1676653168242322619,1676653168242338683
678,1676653168243419969,1676653168243436382
679,1676653168244592608,1676653168244608671
680,1676653168245671379,1676653168245679551
681,1676653168246741281,1676653168246747916
682,1676653168247828714,1676653168247846803
683,1676653168248909581,1676653168248916216
684,1676653168249996594,1676653168250012657
685,1676653168251094502,1676653168251110216
686,1676653168252191852,1676653168252208544
687,1676653168253276490,1676653168253292693
688,1676653168254372932,1676653168254389205
689,1676653168255470072,1676653168255486694
690,1676653168256568679,1676653168256586419
691,1676653168257648358,1676653168257655901
692,1676653168258736349,1676653168258752343
693,1676653168259833909,1676653168259850042
694,1676653168260931328,1676653168260947182
695,1676653168262026932,1676653168262043205
696,1676653168263123513,1676653168263139646
697,1676653168264219536,1676653168264235809
698,1676653168265304104,1676653168265320866
699,1676653168266401175,1676653168266417448
700,1676653168267497546,1676653168267514099
701,1676653168268595874,1676653168268611937
702,1676653168269676601,1676653168269684284
703,1676653168270765081,1676653168270781214
704,1676653168271862012,1676653168271878215
705,1676653168272959501,1676653168272975355
706,1676653168274057549,1676653168274073612
707,1676653168275154829,1676653168275171241
708,1676653168276252597,1676653168276268801
709,1676653168277336258,1676653168277352461
710,1676653168278432700,1676653168278449113
711,1676653168279529351,1676653168279545484
712,1676653168280626421,1676653168280643463
713,1676653168281707218,1676653168281714831
714,1676653168282795209,1676653168282811203
715,1676653168283892978,1676653168283909111
716,1676653168284990886,1676653168285007159
717,1676653168286088585,1676653168286105277
718,1676653168287185516,1676653168287201579
719,1676653168288282586,1676653168288298929
720,1676653168289414298,1676653168289431618
721,1676653168290511857,1676653168290527990
722,1676653168291609346,1676653168291626527
723,1676653168292706766,1676653168292723109
